episode,seed,epsilon,survival_ticks,reward,validation
1,1000,0.5,600,42.94964435966832,
2,1001,0.495,600,51.000000000000576,
3,1002,0.49,600,62.00000000000061,
4,1003,0.485,600,59.00000000000056,
5,1004,0.48,600,59.500000000000576,
6,1005,0.475,600,50.863439068797796,
7,1006,0.47,600,53.93446432002474,
8,1007,0.46499999999999997,600,62.00000000000061,
9,1008,0.46,600,56.42083018196667,
10,1009,0.455,600,59.500000000000576,600
11,1010,0.45,600,55.436194949984156,
12,1011,0.445,600,-10.099244356859712,
13,1012,0.44,600,-34.60959241172207,
14,1013,0.435,600,24.858166060930742,
15,1014,0.43,600,60.499172189972846,
16,1015,0.425,600,56.99384079800983,
17,1016,0.42,600,56.91978323663929,
18,1017,0.415,600,61.500000000000554,
19,1018,0.41000000000000003,600,-22.58843969230245,
20,1019,0.405,600,59.49152803192914,600
21,1020,0.4,600,37.28351676494642,
22,1021,0.395,600,-32.618038209174074,
23,1022,0.39,600,59.00000000000058,
24,1023,0.385,600,59.50000000000058,
25,1024,0.38,600,59.50000000000058,
26,1025,0.375,600,60.00000000000058,
27,1026,0.37,600,54.50000000000052,
28,1027,0.365,600,51.98888524037959,
29,1028,0.36,600,-226.000077726327,
30,1029,0.355,600,59.50000000000058,600
31,1030,0.35,600,62.00000000000058,
32,1031,0.345,600,57.46734882055321,
33,1032,0.33999999999999997,600,-217.57203899567443,
34,1033,0.33499999999999996,600,63.000000000000625,
35,1034,0.32999999999999996,600,57.4215398156619,
36,1035,0.325,600,60.98334815739428,
37,1036,0.32,600,61.500000000000604,
38,1037,0.315,600,-216.5125833976225,
39,1038,0.31,600,-57.90027408539588,
40,1039,0.305,600,62.00000000000061,600
41,1040,0.3,600,-208.0223477242233,
42,1041,0.29500000000000004,600,-8.136180453421415,
43,1042,0.29000000000000004,600,60.96390393627603,
44,1043,0.28500000000000003,600,59.00000000000057,
45,1044,0.28,600,62.00000000000062,
46,1045,0.275,600,60.00000000000058,
47,1046,0.27,600,62.00000000000061,
48,1047,0.265,600,54.50000000000058,
49,1048,0.26,600,59.47776245303365,
50,1049,0.255,600,57.50000000000054,600
51,1050,0.25,600,38.50000000000058,
52,1051,0.245,600,17.893271947523495,
53,1052,0.24,600,60.00000000000058,
54,1053,0.235,600,-129.52194672512692,
55,1054,0.22999999999999998,600,60.00000000000058,
56,1055,0.22499999999999998,600,62.00000000000061,
57,1056,0.21999999999999997,600,61.0000000000006,
58,1057,0.21500000000000002,600,55.00000000000053,
59,1058,0.21000000000000002,600,60.00000000000058,
60,1059,0.20500000000000002,600,-9.000000000000066,600
61,1060,0.2,600,-82.02601524216001,
62,1061,0.195,600,-33.57269512663584,
63,1062,0.19,600,59.48784041138555,
64,1063,0.185,600,64.50000000000057,
65,1064,0.18,600,60.00000000000058,
66,1065,0.175,600,60.00000000000058,
67,1066,0.16999999999999998,600,63.50000000000063,
68,1067,0.16499999999999998,600,59.00000000000058,
69,1068,0.15999999999999998,600,17.42002866806955,
70,1069,0.15500000000000003,600,-113.07151067521409,600
71,1070,0.15000000000000002,600,63.00000000000058,
72,1071,0.14500000000000002,600,62.50000000000061,
73,1072,0.14,600,60.50000000000061,
74,1073,0.135,600,59.500000000000576,
75,1074,0.13,600,58.50000000000057,
76,1075,0.125,600,50.370770675978235,
77,1076,0.12,600,61.00000000000058,
78,1077,0.11499999999999999,600,60.00000000000058,
79,1078,0.10999999999999999,600,57.00000000000054,
80,1079,0.10499999999999998,600,-69.51602289727516,600
81,1080,0.09999999999999998,600,54.468267176494365,
82,1081,0.09499999999999997,600,11.994118785479657,
83,1082,0.09000000000000002,600,59.988877178441484,
84,1083,0.08500000000000002,600,61.00000000000058,
85,1084,0.08000000000000002,600,54.500000000000526,
86,1085,0.07500000000000001,600,59.500000000000576,
87,1086,0.07,600,60.00000000000057,
88,1087,0.065,600,-53.06172776577123,
89,1088,0.06,600,59.00000000000057,
90,1089,0.05499999999999999,600,60.00000000000058,600
91,1090,0.05,600,49.8943152418341,
92,1091,0.05,600,60.00000000000058,
93,1092,0.05,600,57.944702367881774,
94,1093,0.05,600,60.00000000000058,
95,1094,0.05,600,58.500000000000554,
96,1095,0.05,600,-235.00272070832926,
97,1096,0.05,600,57.000000000000576,
98,1097,0.05,600,60.00000000000058,
99,1098,0.05,600,59.99936634792006,
100,1099,0.05,600,-85.5231554001733,600
