episode,seed,scenario,epsilon,survival_ticks,pickups,damage_received,online_transitions,validation
1,4000,standard,0.18,1783,2,1.0999999999999963,1782,
2,4001,curriculum,0.174375,2400,12,1.049999999999999,2399,
3,4002,curriculum,0.16874999999999998,1779,8,1.0999999999999963,1778,
4,4003,standard,0.163125,1750,0,1.0092737189404606,1749,
5,4004,curriculum,0.1575,2400,12,0.7950000000000006,2399,
6,4005,curriculum,0.15187499999999998,1088,5,1.0186394327337922,1087,
7,4006,standard,0.14625,1783,2,1.0999999999999963,1782,
8,4007,curriculum,0.140625,2082,6,1.0999999999999963,2081,1499
9,4008,curriculum,0.135,699,0,0.9999999999999999,698,
10,4009,standard,0.129375,1748,1,1.0343562182550694,1747,
11,4010,curriculum,0.12375,1414,5,1.0128049495204259,1413,
12,4011,curriculum,0.118125,1559,5,0.9999999999999999,1558,
13,4012,standard,0.11249999999999999,1783,3,1.0999999999999963,1782,
14,4013,curriculum,0.106875,1757,6,0.9999999999999999,1756,
15,4014,curriculum,0.10124999999999999,901,1,0.9999999999999999,900,
16,4015,standard,0.095625,2366,4,1.0999999999999963,2365,1499
17,4016,curriculum,0.09,1357,5,1.1189346077726232,1356,
18,4017,curriculum,0.08437499999999999,1876,8,1.058799039447395,1875,
19,4018,standard,0.07875,2400,6,0.9510000000000007,2399,
20,4019,curriculum,0.073125,1379,3,1.0107136256110092,1378,
21,4020,curriculum,0.0675,1245,6,1.0999999999999963,1244,
22,4021,standard,0.061875,2400,6,0.0,2399,
23,4022,curriculum,0.056249999999999994,1607,7,0.9999999999999999,1606,
24,4023,curriculum,0.050624999999999996,895,3,0.9999999999999999,894,1499
25,4024,standard,0.045,2400,5,0.02245391892309747,2399,
26,4025,curriculum,0.039375,1692,3,1.0078071254303183,1691,
27,4026,curriculum,0.03375,922,4,1.1128496816533604,921,
28,4027,standard,0.028124999999999997,2400,5,0.9820488835502261,2399,
29,4028,curriculum,0.025,1361,7,1.0999999999999963,1360,
30,4029,curriculum,0.025,769,1,0.9999999999999999,768,
31,4030,standard,0.025,1783,2,1.0999999999999963,1782,
32,4031,curriculum,0.025,1078,4,1.0999999999999963,1077,1499
